,customer_id,first_name,last_name,Email,Phone
0,1,Carol,Miller,yfisher@example.org,6088279027
1,2,Geoffrey,Banks,gonzalesgeorge@example.net,001-546-857-6518x5359
2,3,Eric,Phillips,mark13@example.com,(699)516-7638x82918
3,4,Paul,Noble,harrisonrachel@example.net,+1-586-758-3968x3144
4,5,Ryan,Alexander,loganjohn@example.org,900.377.1792x148
5,6,Danny,Brown,michellearnold@example.org,824-606-7014x9045
6,7,Desiree,Nelson,johnsonhaley@example.com,231.515.3313
7,8,Martha,Smith,darlenegoodwin@example.net,+1-665-427-6242x5731
8,9,Jesse,Osborn,dennis81@example.org,(504)953-6008x457
9,10,Anita,Park,xpayne@example.net,806-211-4478x986
10,11,Evelyn,Ward,paul13@example.org,(347)767-4187
11,12,Sabrina,Juarez,patrick92@example.com,715-732-5572x27771
12,13,Kyle,Ortiz,lambjacqueline@example.net,(863)835-2860
13,14,Robert,Brown,andersonmason@example.net,+1-653-515-2636x153
14,15,Jeremy,Jacobs,fmartinez@example.org,001-331-228-0826x478
15,16,Daniel,Edwards,byoung@example.org,+1-615-756-7330
16,17,Tommy,Brooks,burtonjames@example.com,(534)691-4906
17,18,Carly,Mitchell,zachary24@example.org,(728)923-5061
18,19,Sarah,Green,lnelson@example.net,(390)584-3409x128
19,20,Norman,Lee,keithgarcia@example.org,+1-225-907-5033
20,21,Valerie,Cuevas,brookscrystal@example.org,760-896-1814x1067
21,22,Monica,Graves,xday@example.net,402.918.5084x3030
22,23,Kim,Stone,garrett28@example.org,001-668-236-9938
23,24,Shelby,Smith,carolyn11@example.com,580.272.0301x65432
24,25,Eric,Anderson,spencer16@example.com,851-945-5888
25,26,Jason,Bennett,joseph97@example.net,(632)674-7662x30858
26,27,Sharon,Dunn,hillemily@example.org,+1-257-930-5427x0665
27,28,Peter,Callahan,miranda13@example.org,+1-790-969-3518
28,29,Heather,Wright,adamssheila@example.net,850-282-6951x4975
29,30,Lauren,Gray,kenneth99@example.net,218.715.2894x614
30,31,Stacy,Oliver,matthew64@example.net,+1-520-295-6567x57281
31,32,Joseph,Hernandez,zmcbride@example.org,+1-281-215-1718x809
32,33,Deborah,Jenkins,garciakerri@example.net,776-598-8125x88442
33,34,Jason,Martin,isabella87@example.com,+1-990-327-2307x7625
34,35,Charles,Wise,campossarah@example.net,532.804.9131x538
35,36,Jasmin,Palmer,lucascharles@example.com,827.703.9796x89557
36,37,Daniel,Newman,potterrichard@example.com,001-541-774-7582x00497
37,38,Scott,Collins,veronica19@example.org,001-449-712-6361x791
38,39,Jamie,Stone,derekhart@example.org,473.393.2625x19595
39,40,Brian,Dillon,swilson@example.net,001-699-957-2129x33878
40,41,Christopher,Hale,watsondarren@example.org,+1-917-489-0869x753
41,42,Chad,Jensen,ambertaylor@example.org,6576129629
42,43,Ethan,Walker,jessicashah@example.net,001-586-722-3937x922
43,44,Brian,Scott,marquezgeorge@example.org,001-925-602-1058x78333
44,45,Anthony,Ray,desiree14@example.org,714-779-4050
45,46,Crystal,George,james32@example.com,(934)652-9829
46,47,Francisco,Potter,joneschristine@example.org,(564)921-3755x708
47,48,Anthony,Moore,rosariokevin@example.org,(285)263-4804
48,49,David,Rasmussen,fburns@example.net,9347152436
49,50,Christopher,Harvey,bryantsean@example.com,430-515-7566
50,51,Anna,Cummings,jason93@example.org,685-791-5979
51,52,Kayla,Blair,hmcmillan@example.com,(500)245-2355
52,53,Daniel,Ballard,laura73@example.com,(890)775-8199
53,54,Crystal,Burns,jbarry@example.net,001-295-729-2302
54,55,Cindy,Armstrong,penningtonjohn@example.com,+1-690-266-8798x994
55,56,Vanessa,James,colleendavis@example.org,891-740-2938
56,57,Adam,Mcgee,zwatkins@example.org,357-694-7359x5733
57,58,Jason,Carroll,katherinewebb@example.org,001-314-231-6194x278
58,59,Jennifer,Powell,steven73@example.com,236-757-3372x60869
59,60,Cody,Jenkins,christinafrost@example.org,600-670-5758x719
60,61,Kimberly,Fox,zcain@example.org,(970)563-6992x24062
61,62,Kevin,Myers,millerjoan@example.net,(903)846-6313x6530
62,63,Christopher,Anderson,gwarner@example.com,2545902373
63,64,David,King,edward68@example.com,+1-907-693-9094x459
64,65,Robert,Mendez,evelynpatterson@example.org,759.294.8819
65,66,Phillip,Carr,nicole30@example.com,650-254-3916
66,67,Heather,Williams,jefferylewis@example.net,+1-492-813-6179x03896
67,68,Christopher,Henson,walkerjohn@example.net,435.452.9057
68,69,Kenneth,Davis,vlittle@example.net,001-605-235-9099x2182
69,70,Jon,Marshall,stacy20@example.com,001-608-454-5047x8890
70,71,Tammy,Miller,lisa91@example.org,313-560-8671x236
71,72,Steven,Miller,johnwright@example.org,+1-230-989-3125x913
72,73,Brian,Day,mason61@example.net,345-785-9250x1644
73,74,Richard,Adams,wurobert@example.com,381.345.0592x7366
74,75,Wesley,Martinez,crystalnixon@example.net,001-686-732-8251x7846
75,76,Richard,Pearson,anthonyholloway@example.net,458.559.1555x601
76,77,Jose,Davis,adam18@example.com,001-372-794-0132x70818
77,78,Vincent,Patel,delacruzrobert@example.com,+1-958-663-1438
78,79,Laura,Martinez,billy68@example.com,478.350.1644
79,80,Joseph,Jacobs,uarmstrong@example.com,467-205-7041
80,81,Daniel,Wood,dylanlee@example.com,922.678.6492x265
81,82,Jackson,Bradley,schneidervincent@example.com,745.973.9829x17439
82,83,Linda,Mendoza,lisaturner@example.net,(309)389-5448
83,84,Tony,Robinson,timothywiley@example.com,382-628-5059x479
84,85,Nicole,Stevens,colliermichael@example.net,(324)854-4855x79170
85,86,Philip,Huynh,bgraham@example.net,8058324167
86,87,Sheri,Johnson,michaelhahn@example.net,001-567-257-2127
